{
  "name": "EZCR - Reindex KB on Log Resolve",
  "nodes": [
    {
      "parameters": {
        "rule": {
          "interval": [
            {
              "field": "minutes",
              "minutesInterval": 5
            }
          ]
        }
      },
      "name": "Cron (every 5 min)",
      "type": "n8n-nodes-base.cron",
      "typeVersion": 1,
      "position": [
        260,
        220
      ]
    },
    {
      "parameters": {
        "operation": "executeQuery",
        "query": "select id, tenant_id, source_url\nfrom public.assistant_question_log\nwhere status = 'resolved'\n  and reindexed_at is null\n  and source_url is not null\norder by resolved_at asc nulls last, created_at asc\nlimit 25;"
      },
      "name": "Postgres: fetch resolved needing reindex",
      "type": "n8n-nodes-base.postgres",
      "typeVersion": 2,
      "position": [
        520,
        220
      ],
      "credentials": {
        "postgres": {
          "name": "Supabase Postgres"
        }
      }
    },
    {
      "parameters": {
        "batchSize": 1
      },
      "name": "Split in Batches",
      "type": "n8n-nodes-base.splitInBatches",
      "typeVersion": 3,
      "position": [
        760,
        220
      ]
    },
    {
      "parameters": {
        "method": "POST",
        "url": "={{$env.EZCR_BASE_URL + \"/api/admin/kb/ingest-url\"}}",
        "authentication": "none",
        "sendHeaders": true,
        "headerParameters": {
          "parameters": [
            {
              "name": "Authorization",
              "value": "={{\"Bearer \" + $env.EZCR_KB_ADMIN_TOKEN}}"
            },
            {
              "name": "Content-Type",
              "value": "application/json"
            }
          ]
        },
        "sendBody": true,
        "specifyBody": "json",
        "jsonBody": "={{ { tenantId: $json.tenant_id, url: $json.source_url } }}"
      },
      "name": "HTTP: ingest-url",
      "type": "n8n-nodes-base.httpRequest",
      "typeVersion": 4,
      "position": [
        1020,
        220
      ]
    },
    {
      "parameters": {
        "operation": "executeQuery",
        "query": "update public.assistant_question_log\nset reindexed_at = now()\nwhere id = '{{$json.id}}';"
      },
      "name": "Postgres: mark reindexed",
      "type": "n8n-nodes-base.postgres",
      "typeVersion": 2,
      "position": [
        1260,
        220
      ],
      "credentials": {
        "postgres": {
          "name": "Supabase Postgres"
        }
      }
    }
  ],
  "connections": {
    "Cron (every 5 min)": {
      "main": [
        [
          {
            "node": "Postgres: fetch resolved needing reindex",
            "type": "main",
            "index": 0
          }
        ]
      ]
    },
    "Postgres: fetch resolved needing reindex": {
      "main": [
        [
          {
            "node": "Split in Batches",
            "type": "main",
            "index": 0
          }
        ]
      ]
    },
    "Split in Batches": {
      "main": [
        [
          {
            "node": "HTTP: ingest-url",
            "type": "main",
            "index": 0
          }
        ]
      ]
    },
    "HTTP: ingest-url": {
      "main": [
        [
          {
            "node": "Postgres: mark reindexed",
            "type": "main",
            "index": 0
          }
        ]
      ]
    }
  },
  "active": false,
  "settings": {
    "executionTimeout": 300
  }
}