{
  "name": "EZ Cycle Ramp - Configurator Lead Follow-Up",
  "nodes": [
    {
      "parameters": {
        "httpMethod": "POST",
        "path": "configurator-lead",
        "responseMode": "responseNode",
        "options": {}
      },
      "id": "webhook-trigger",
      "name": "Webhook - New Lead",
      "type": "n8n-nodes-base.webhook",
      "typeVersion": 1.1,
      "position": [250, 300],
      "webhookId": "configurator-lead-webhook"
    },
    {
      "parameters": {
        "respondWith": "json",
        "responseBody": "={{ { \"success\": true, \"lead_id\": $json.lead.id } }}",
        "options": {}
      },
      "id": "webhook-response",
      "name": "Respond to Webhook",
      "type": "n8n-nodes-base.respondToWebhook",
      "typeVersion": 1,
      "position": [450, 300]
    },
    {
      "parameters": {
        "conditions": {
          "options": {
            "caseSensitive": true,
            "leftValue": "",
            "typeValidation": "strict"
          },
          "conditions": [
            {
              "id": "condition-aun200",
              "leftValue": "={{ $json.lead.recommendation }}",
              "rightValue": "AUN200",
              "operator": {
                "type": "string",
                "operation": "equals"
              }
            }
          ],
          "combinator": "and"
        },
        "options": {}
      },
      "id": "switch-recommendation",
      "name": "Route by Recommendation",
      "type": "n8n-nodes-base.switch",
      "typeVersion": 3,
      "position": [650, 300],
      "onFalse": "continue"
    },
    {
      "parameters": {
        "operation": "insert",
        "schema": {
          "__rl": true,
          "mode": "list",
          "value": "public"
        },
        "table": {
          "__rl": true,
          "mode": "list",
          "value": "lead_sequences"
        },
        "columns": {
          "mappingMode": "defineBelow",
          "value": {
            "lead_id": "={{ $json.lead.id }}",
            "email": "={{ $json.lead.email }}",
            "recommendation": "={{ $json.lead.recommendation }}",
            "sequence_name": "aun200_nurture",
            "current_step": 0,
            "status": "active",
            "next_send_at": "={{ $now.plus(1, 'day').toISO() }}",
            "created_at": "={{ $now.toISO() }}"
          }
        },
        "options": {}
      },
      "id": "supabase-create-sequence-aun200",
      "name": "Create AUN200 Sequence",
      "type": "n8n-nodes-base.supabase",
      "typeVersion": 1,
      "position": [900, 200],
      "credentials": {
        "supabaseApi": {
          "id": "SUPABASE_CREDENTIAL_ID",
          "name": "Supabase - EZ Cycle Ramp"
        }
      }
    },
    {
      "parameters": {
        "operation": "insert",
        "schema": {
          "__rl": true,
          "mode": "list",
          "value": "public"
        },
        "table": {
          "__rl": true,
          "mode": "list",
          "value": "lead_sequences"
        },
        "columns": {
          "mappingMode": "defineBelow",
          "value": {
            "lead_id": "={{ $json.lead.id }}",
            "email": "={{ $json.lead.email }}",
            "recommendation": "={{ $json.lead.recommendation }}",
            "sequence_name": "aun250_nurture",
            "current_step": 0,
            "status": "active",
            "next_send_at": "={{ $now.plus(1, 'day').toISO() }}",
            "created_at": "={{ $now.toISO() }}"
          }
        },
        "options": {}
      },
      "id": "supabase-create-sequence-aun250",
      "name": "Create AUN250 Sequence",
      "type": "n8n-nodes-base.supabase",
      "typeVersion": 1,
      "position": [900, 300],
      "credentials": {
        "supabaseApi": {
          "id": "SUPABASE_CREDENTIAL_ID",
          "name": "Supabase - EZ Cycle Ramp"
        }
      }
    },
    {
      "parameters": {
        "operation": "insert",
        "schema": {
          "__rl": true,
          "mode": "list",
          "value": "public"
        },
        "table": {
          "__rl": true,
          "mode": "list",
          "value": "lead_sequences"
        },
        "columns": {
          "mappingMode": "defineBelow",
          "value": {
            "lead_id": "={{ $json.lead.id }}",
            "email": "={{ $json.lead.email }}",
            "recommendation": "={{ $json.lead.recommendation }}",
            "sequence_name": "custom_outreach",
            "current_step": 0,
            "status": "active",
            "next_send_at": "={{ $now.plus(4, 'hours').toISO() }}",
            "created_at": "={{ $now.toISO() }}"
          }
        },
        "options": {}
      },
      "id": "supabase-create-sequence-custom",
      "name": "Create Custom Sequence",
      "type": "n8n-nodes-base.supabase",
      "typeVersion": 1,
      "position": [900, 400],
      "credentials": {
        "supabaseApi": {
          "id": "SUPABASE_CREDENTIAL_ID",
          "name": "Supabase - EZ Cycle Ramp"
        }
      }
    },
    {
      "parameters": {
        "method": "POST",
        "url": "https://api.sendgrid.com/v3/mail/send",
        "authentication": "predefinedCredentialType",
        "nodeCredentialType": "sendGridApi",
        "sendHeaders": true,
        "headerParameters": {
          "parameters": [
            {
              "name": "Content-Type",
              "value": "application/json"
            }
          ]
        },
        "sendBody": true,
        "specifyBody": "json",
        "jsonBody": "={\n  \"personalizations\": [{\n    \"to\": [{\"email\": \"{{ $json.lead.email }}\"}],\n    \"dynamic_template_data\": {\n      \"recommendation\": \"{{ $json.lead.recommendation }}\",\n      \"product_name\": \"{{ $json.metadata.product_name }}\",\n      \"product_url\": \"{{ $json.metadata.product_url }}\",\n      \"price\": \"{{ $json.metadata.price }}\"\n    }\n  }],\n  \"from\": {\n    \"email\": \"hello@ezcycleramp.com\",\n    \"name\": \"EZ Cycle Ramp\"\n  },\n  \"template_id\": \"YOUR_WELCOME_TEMPLATE_ID\"\n}",
        "options": {}
      },
      "id": "sendgrid-welcome-email",
      "name": "Send Welcome Email",
      "type": "n8n-nodes-base.httpRequest",
      "typeVersion": 4.1,
      "position": [1150, 300],
      "credentials": {
        "sendGridApi": {
          "id": "SENDGRID_CREDENTIAL_ID",
          "name": "SendGrid"
        }
      }
    },
    {
      "parameters": {
        "channel": "#sales-leads",
        "text": "=🏍️ *New Configurator Lead*\n\n*Email:* {{ $json.lead.email }}\n*Recommendation:* {{ $json.lead.recommendation || 'Custom' }}\n*Potential Value:* ${{ $json.metadata.price || 'Quote needed' }}\n\n*Answers:*\n• Bed Length: {{ $json.lead.answers.bedLength }}\n• Bike Weight: {{ $json.lead.answers.bikeWeight }}\n• Tailgate: {{ $json.lead.answers.tailgateRequired }}",
        "otherOptions": {}
      },
      "id": "slack-notification",
      "name": "Slack - Sales Notification",
      "type": "n8n-nodes-base.slack",
      "typeVersion": 2.1,
      "position": [1150, 450],
      "credentials": {
        "slackApi": {
          "id": "SLACK_CREDENTIAL_ID",
          "name": "Slack"
        }
      }
    }
  ],
  "connections": {
    "Webhook - New Lead": {
      "main": [
        [
          {
            "node": "Respond to Webhook",
            "type": "main",
            "index": 0
          },
          {
            "node": "Route by Recommendation",
            "type": "main",
            "index": 0
          }
        ]
      ]
    },
    "Route by Recommendation": {
      "main": [
        [
          {
            "node": "Create AUN200 Sequence",
            "type": "main",
            "index": 0
          }
        ],
        [
          {
            "node": "Create AUN250 Sequence",
            "type": "main",
            "index": 0
          }
        ],
        [
          {
            "node": "Create Custom Sequence",
            "type": "main",
            "index": 0
          }
        ]
      ]
    },
    "Create AUN200 Sequence": {
      "main": [
        [
          {
            "node": "Send Welcome Email",
            "type": "main",
            "index": 0
          },
          {
            "node": "Slack - Sales Notification",
            "type": "main",
            "index": 0
          }
        ]
      ]
    },
    "Create AUN250 Sequence": {
      "main": [
        [
          {
            "node": "Send Welcome Email",
            "type": "main",
            "index": 0
          },
          {
            "node": "Slack - Sales Notification",
            "type": "main",
            "index": 0
          }
        ]
      ]
    },
    "Create Custom Sequence": {
      "main": [
        [
          {
            "node": "Send Welcome Email",
            "type": "main",
            "index": 0
          },
          {
            "node": "Slack - Sales Notification",
            "type": "main",
            "index": 0
          }
        ]
      ]
    }
  },
  "settings": {
    "executionOrder": "v1"
  },
  "staticData": null,
  "tags": [
    {
      "name": "ezcycleramp",
      "id": "1"
    },
    {
      "name": "leads",
      "id": "2"
    }
  ],
  "triggerCount": 1,
  "pinData": {}
}
