{
  "name": "EZ Cycle Ramp - Post-Purchase Automation",
  "nodes": [
    {
      "parameters": {
        "httpMethod": "POST",
        "path": "order-completed",
        "responseMode": "responseNode",
        "options": {}
      },
      "id": "webhook-order",
      "name": "Webhook - Order Completed",
      "type": "n8n-nodes-base.webhook",
      "typeVersion": 1.1,
      "position": [250, 300],
      "webhookId": "order-completed-webhook"
    },
    {
      "parameters": {
        "respondWith": "json",
        "responseBody": "={{ { \"success\": true, \"order_id\": $json.order.order_id } }}",
        "options": {}
      },
      "id": "webhook-response",
      "name": "Respond OK",
      "type": "n8n-nodes-base.respondToWebhook",
      "typeVersion": 1,
      "position": [450, 300]
    },
    {
      "parameters": {
        "operation": "insert",
        "schema": {
          "__rl": true,
          "mode": "list",
          "value": "public"
        },
        "table": {
          "__rl": true,
          "mode": "list",
          "value": "post_purchase_sequences"
        },
        "columns": {
          "mappingMode": "defineBelow",
          "value": {
            "order_id": "={{ $json.order.order_id }}",
            "email": "={{ $json.order.email }}",
            "product_sku": "={{ $json.order.product_sku }}",
            "customer_name": "={{ $json.order.customer_name }}",
            "sequence_name": "post_purchase",
            "current_step": 0,
            "status": "active",
            "next_send_at": "={{ $now.plus(3, 'days').toISO() }}",
            "created_at": "={{ $now.toISO() }}"
          }
        },
        "options": {}
      },
      "id": "create-sequence",
      "name": "Create Post-Purchase Sequence",
      "type": "n8n-nodes-base.supabase",
      "typeVersion": 1,
      "position": [650, 300],
      "credentials": {
        "supabaseApi": {
          "id": "SUPABASE_CREDENTIAL_ID",
          "name": "Supabase - EZ Cycle Ramp"
        }
      }
    },
    {
      "parameters": {
        "channel": "#orders",
        "text": "=🎉 *New Order Received!*\n\n*Order ID:* {{ $json.order.order_id }}\n*Product:* {{ $json.order.product_sku }}\n*Customer:* {{ $json.order.customer_name || $json.order.email }}\n*Amount:* ${{ $json.order.amount }}\n\n*Attribution:* {{ $json.attribution.from_configurator ? '✓ From Configurator' : '○ Direct' }}\n{{ $json.attribution.recommendation_matched ? '✓ Bought recommended product' : '' }}",
        "otherOptions": {}
      },
      "id": "slack-order",
      "name": "Slack - Order Alert",
      "type": "n8n-nodes-base.slack",
      "typeVersion": 2.1,
      "position": [650, 450],
      "credentials": {
        "slackApi": {
          "id": "SLACK_CREDENTIAL_ID",
          "name": "Slack"
        }
      }
    },
    {
      "parameters": {
        "operation": "insert",
        "schema": {
          "__rl": true,
          "mode": "list", 
          "value": "public"
        },
        "table": {
          "__rl": true,
          "mode": "list",
          "value": "review_requests"
        },
        "columns": {
          "mappingMode": "defineBelow",
          "value": {
            "order_id": "={{ $json.order.order_id }}",
            "email": "={{ $json.order.email }}",
            "product_sku": "={{ $json.order.product_sku }}",
            "customer_name": "={{ $json.order.customer_name }}",
            "status": "pending",
            "send_at": "={{ $now.plus(21, 'days').toISO() }}",
            "created_at": "={{ $now.toISO() }}"
          }
        },
        "options": {}
      },
      "id": "schedule-review",
      "name": "Schedule Review Request (21 days)",
      "type": "n8n-nodes-base.supabase",
      "typeVersion": 1,
      "position": [650, 600],
      "credentials": {
        "supabaseApi": {
          "id": "SUPABASE_CREDENTIAL_ID",
          "name": "Supabase - EZ Cycle Ramp"
        }
      }
    }
  ],
  "connections": {
    "Webhook - Order Completed": {
      "main": [
        [
          {
            "node": "Respond OK",
            "type": "main",
            "index": 0
          },
          {
            "node": "Create Post-Purchase Sequence",
            "type": "main",
            "index": 0
          },
          {
            "node": "Slack - Order Alert",
            "type": "main",
            "index": 0
          },
          {
            "node": "Schedule Review Request (21 days)",
            "type": "main",
            "index": 0
          }
        ]
      ]
    }
  },
  "settings": {
    "executionOrder": "v1"
  },
  "tags": [
    {
      "name": "ezcycleramp",
      "id": "1"
    },
    {
      "name": "orders",
      "id": "4"
    }
  ]
}
