{
  "name": "KB Ingest Single URL (Webhook -> Next)",
  "nodes": [
    {
      "parameters": {
        "path": "kb-ingest-url",
        "options": {}
      },
      "name": "Webhook",
      "type": "n8n-nodes-base.webhook",
      "typeVersion": 2,
      "position": [
        260,
        240
      ],
      "webhookId": "kb-ingest-url"
    },
    {
      "parameters": {
        "url": "={{$env.NEXT_PUBLIC_SITE_ORIGIN + '/api/admin/kb/ingest-url'}}",
        "authentication": "predefinedCredentialType",
        "nodeCredentialType": "httpHeaderAuth",
        "sendHeaders": true,
        "headerParameters": {
          "parameters": [
            {
              "name": "Authorization",
              "value": "={{'Bearer ' + $env.EZCR_RAG_SHARED_SECRET}}"
            },
            {
              "name": "x-tenant-id",
              "value": "={{$json.tenant_id || $env.TENANT_ID}}"
            }
          ]
        },
        "sendBody": true,
        "bodyParameters": {
          "parameters": [
            {
              "name": "url",
              "value": "={{$json.url}}"
            }
          ]
        },
        "options": {}
      },
      "name": "Call Next Ingest URL",
      "type": "n8n-nodes-base.httpRequest",
      "typeVersion": 4,
      "position": [
        520,
        240
      ]
    }
  ],
  "connections": {
    "Webhook": {
      "main": [
        [
          {
            "node": "Call Next Ingest URL",
            "type": "main",
            "index": 0
          }
        ]
      ]
    }
  },
  "active": false,
  "settings": {},
  "versionId": "1"
}