{
  "name": "KB Ingest Nightly (Execute Command)",
  "nodes": [
    {
      "parameters": {
        "triggerTimes": {
          "item": [
            {
              "mode": "everyDay",
              "hour": 3,
              "minute": 0
            }
          ]
        }
      },
      "name": "Cron",
      "type": "n8n-nodes-base.cron",
      "typeVersion": 1,
      "position": [
        280,
        260
      ]
    },
    {
      "parameters": {
        "command": "npx tsx scripts/ingest/ingest_kb.ts",
        "options": {}
      },
      "name": "Run Ingestion Script",
      "type": "n8n-nodes-base.executeCommand",
      "typeVersion": 1,
      "position": [
        520,
        260
      ]
    }
  ],
  "connections": {
    "Cron": {
      "main": [
        [
          {
            "node": "Run Ingestion Script",
            "type": "main",
            "index": 0
          }
        ]
      ]
    }
  },
  "active": false,
  "settings": {
    "executionTimeout": 3600
  },
  "versionId": "1"
}