{
  "name": "EZ Cycle Ramp - Email Sequence Processor",
  "nodes": [
    {
      "parameters": {
        "rule": {
          "interval": [
            {
              "field": "hours",
              "hoursInterval": 1
            }
          ]
        }
      },
      "id": "schedule-trigger",
      "name": "Every Hour",
      "type": "n8n-nodes-base.scheduleTrigger",
      "typeVersion": 1.1,
      "position": [250, 300]
    },
    {
      "parameters": {
        "operation": "select",
        "schema": {
          "__rl": true,
          "mode": "list",
          "value": "public"
        },
        "table": {
          "__rl": true,
          "mode": "list",
          "value": "lead_sequences"
        },
        "returnAll": false,
        "limit": 50,
        "filterType": "string",
        "filterString": "status=eq.active,next_send_at=lte.{{ $now.toISO() }}"
      },
      "id": "supabase-get-due-sequences",
      "name": "Get Due Sequences",
      "type": "n8n-nodes-base.supabase",
      "typeVersion": 1,
      "position": [450, 300],
      "credentials": {
        "supabaseApi": {
          "id": "SUPABASE_CREDENTIAL_ID",
          "name": "Supabase - EZ Cycle Ramp"
        }
      }
    },
    {
      "parameters": {
        "batchSize": 1,
        "options": {}
      },
      "id": "split-batches",
      "name": "Process One at a Time",
      "type": "n8n-nodes-base.splitInBatches",
      "typeVersion": 3,
      "position": [650, 300]
    },
    {
      "parameters": {
        "conditions": {
          "options": {
            "caseSensitive": true,
            "leftValue": "",
            "typeValidation": "strict"
          },
          "conditions": [
            {
              "id": "check-step-0",
              "leftValue": "={{ $json.current_step }}",
              "rightValue": 0,
              "operator": {
                "type": "number",
                "operation": "equals"
              }
            }
          ],
          "combinator": "and"
        },
        "options": {}
      },
      "id": "switch-by-step",
      "name": "Route by Step",
      "type": "n8n-nodes-base.switch",
      "typeVersion": 3,
      "position": [850, 300]
    },
    {
      "parameters": {
        "jsCode": "// Email sequence configuration\nconst sequences = {\n  'aun200_nurture': [\n    { step: 0, delay_days: 1, template: 'day1_value_prop', subject: 'Your AUN 200 Recommendation' },\n    { step: 1, delay_days: 3, template: 'day3_social_proof', subject: 'See How Others Load Their Bikes' },\n    { step: 2, delay_days: 7, template: 'day7_faq', subject: 'Common Questions About the AUN 200' },\n    { step: 3, delay_days: 14, template: 'day14_last_chance', subject: 'Still Thinking About It?' },\n  ],\n  'aun250_nurture': [\n    { step: 0, delay_days: 1, template: 'day1_value_prop_250', subject: 'Your AUN 250 Recommendation' },\n    { step: 1, delay_days: 3, template: 'day3_tailgate_feature', subject: 'The Tailgate Advantage' },\n    { step: 2, delay_days: 7, template: 'day7_social_proof', subject: 'Short-Bed Owners Love This' },\n    { step: 3, delay_days: 14, template: 'day14_last_chance', subject: 'Your Ramp Is Waiting' },\n  ],\n  'custom_outreach': [\n    { step: 0, delay_hours: 4, template: 'custom_intro', subject: 'Let\\'s Find Your Perfect Solution' },\n    { step: 1, delay_days: 2, template: 'custom_followup', subject: 'Custom Ramp Solutions' },\n    { step: 2, delay_days: 5, template: 'custom_call', subject: 'Quick Call About Your Bike?' },\n  ],\n};\n\nconst item = $input.first().json;\nconst sequence = sequences[item.sequence_name];\nconst currentStepConfig = sequence?.find(s => s.step === item.current_step);\nconst nextStepConfig = sequence?.find(s => s.step === item.current_step + 1);\n\nlet nextSendAt = null;\nif (nextStepConfig) {\n  const now = new Date();\n  if (nextStepConfig.delay_days) {\n    nextSendAt = new Date(now.getTime() + nextStepConfig.delay_days * 24 * 60 * 60 * 1000);\n  } else if (nextStepConfig.delay_hours) {\n    nextSendAt = new Date(now.getTime() + nextStepConfig.delay_hours * 60 * 60 * 1000);\n  }\n}\n\nreturn {\n  ...item,\n  email_template: currentStepConfig?.template || 'generic',\n  email_subject: currentStepConfig?.subject || 'EZ Cycle Ramp Update',\n  next_step: item.current_step + 1,\n  next_send_at: nextSendAt?.toISOString() || null,\n  is_final_step: !nextStepConfig,\n};"
      },
      "id": "get-email-config",
      "name": "Get Email Config",
      "type": "n8n-nodes-base.code",
      "typeVersion": 2,
      "position": [1050, 300]
    },
    {
      "parameters": {
        "method": "POST",
        "url": "https://api.sendgrid.com/v3/mail/send",
        "authentication": "predefinedCredentialType",
        "nodeCredentialType": "sendGridApi",
        "sendHeaders": true,
        "headerParameters": {
          "parameters": [
            {
              "name": "Content-Type",
              "value": "application/json"
            }
          ]
        },
        "sendBody": true,
        "specifyBody": "json",
        "jsonBody": "={\n  \"personalizations\": [{\n    \"to\": [{\"email\": \"{{ $json.email }}\"}],\n    \"subject\": \"{{ $json.email_subject }}\",\n    \"dynamic_template_data\": {\n      \"recommendation\": \"{{ $json.recommendation }}\",\n      \"email_template\": \"{{ $json.email_template }}\",\n      \"unsubscribe_url\": \"https://ezcycleramp.com/unsubscribe?id={{ $json.lead_id }}\"\n    }\n  }],\n  \"from\": {\n    \"email\": \"hello@ezcycleramp.com\",\n    \"name\": \"EZ Cycle Ramp\"\n  },\n  \"template_id\": \"{{ $json.email_template === 'day1_value_prop' ? 'TEMPLATE_ID_DAY1' : $json.email_template === 'day3_social_proof' ? 'TEMPLATE_ID_DAY3' : 'TEMPLATE_ID_GENERIC' }}\"\n}",
        "options": {}
      },
      "id": "sendgrid-send-sequence-email",
      "name": "Send Sequence Email",
      "type": "n8n-nodes-base.httpRequest",
      "typeVersion": 4.1,
      "position": [1250, 300],
      "credentials": {
        "sendGridApi": {
          "id": "SENDGRID_CREDENTIAL_ID",
          "name": "SendGrid"
        }
      }
    },
    {
      "parameters": {
        "conditions": {
          "options": {
            "caseSensitive": true,
            "leftValue": "",
            "typeValidation": "strict"
          },
          "conditions": [
            {
              "id": "check-final",
              "leftValue": "={{ $json.is_final_step }}",
              "rightValue": true,
              "operator": {
                "type": "boolean",
                "operation": "equals"
              }
            }
          ],
          "combinator": "and"
        },
        "options": {}
      },
      "id": "check-if-complete",
      "name": "Is Sequence Complete?",
      "type": "n8n-nodes-base.if",
      "typeVersion": 2,
      "position": [1450, 300]
    },
    {
      "parameters": {
        "operation": "update",
        "schema": {
          "__rl": true,
          "mode": "list",
          "value": "public"
        },
        "table": {
          "__rl": true,
          "mode": "list",
          "value": "lead_sequences"
        },
        "filtersUI": {
          "filterValues": [
            {
              "fieldName": "id",
              "fieldValue": "={{ $json.id }}"
            }
          ]
        },
        "columns": {
          "mappingMode": "defineBelow",
          "value": {
            "current_step": "={{ $json.next_step }}",
            "next_send_at": "={{ $json.next_send_at }}",
            "last_sent_at": "={{ $now.toISO() }}"
          }
        },
        "options": {}
      },
      "id": "supabase-update-next-step",
      "name": "Update to Next Step",
      "type": "n8n-nodes-base.supabase",
      "typeVersion": 1,
      "position": [1700, 200],
      "credentials": {
        "supabaseApi": {
          "id": "SUPABASE_CREDENTIAL_ID",
          "name": "Supabase - EZ Cycle Ramp"
        }
      }
    },
    {
      "parameters": {
        "operation": "update",
        "schema": {
          "__rl": true,
          "mode": "list",
          "value": "public"
        },
        "table": {
          "__rl": true,
          "mode": "list",
          "value": "lead_sequences"
        },
        "filtersUI": {
          "filterValues": [
            {
              "fieldName": "id",
              "fieldValue": "={{ $json.id }}"
            }
          ]
        },
        "columns": {
          "mappingMode": "defineBelow",
          "value": {
            "status": "completed",
            "completed_at": "={{ $now.toISO() }}",
            "last_sent_at": "={{ $now.toISO() }}"
          }
        },
        "options": {}
      },
      "id": "supabase-mark-complete",
      "name": "Mark Sequence Complete",
      "type": "n8n-nodes-base.supabase",
      "typeVersion": 1,
      "position": [1700, 400],
      "credentials": {
        "supabaseApi": {
          "id": "SUPABASE_CREDENTIAL_ID",
          "name": "Supabase - EZ Cycle Ramp"
        }
      }
    },
    {
      "parameters": {
        "operation": "insert",
        "schema": {
          "__rl": true,
          "mode": "list",
          "value": "public"
        },
        "table": {
          "__rl": true,
          "mode": "list",
          "value": "email_log"
        },
        "columns": {
          "mappingMode": "defineBelow",
          "value": {
            "lead_id": "={{ $json.lead_id }}",
            "sequence_id": "={{ $json.id }}",
            "email": "={{ $json.email }}",
            "template": "={{ $json.email_template }}",
            "subject": "={{ $json.email_subject }}",
            "step": "={{ $json.current_step }}",
            "sent_at": "={{ $now.toISO() }}"
          }
        },
        "options": {}
      },
      "id": "supabase-log-email",
      "name": "Log Email Sent",
      "type": "n8n-nodes-base.supabase",
      "typeVersion": 1,
      "position": [1450, 500],
      "credentials": {
        "supabaseApi": {
          "id": "SUPABASE_CREDENTIAL_ID",
          "name": "Supabase - EZ Cycle Ramp"
        }
      }
    }
  ],
  "connections": {
    "Every Hour": {
      "main": [
        [
          {
            "node": "Get Due Sequences",
            "type": "main",
            "index": 0
          }
        ]
      ]
    },
    "Get Due Sequences": {
      "main": [
        [
          {
            "node": "Process One at a Time",
            "type": "main",
            "index": 0
          }
        ]
      ]
    },
    "Process One at a Time": {
      "main": [
        [
          {
            "node": "Route by Step",
            "type": "main",
            "index": 0
          }
        ],
        [
          {
            "node": "Process One at a Time",
            "type": "main",
            "index": 0
          }
        ]
      ]
    },
    "Route by Step": {
      "main": [
        [
          {
            "node": "Get Email Config",
            "type": "main",
            "index": 0
          }
        ],
        [
          {
            "node": "Get Email Config",
            "type": "main",
            "index": 0
          }
        ],
        [
          {
            "node": "Get Email Config",
            "type": "main",
            "index": 0
          }
        ],
        [
          {
            "node": "Get Email Config",
            "type": "main",
            "index": 0
          }
        ]
      ]
    },
    "Get Email Config": {
      "main": [
        [
          {
            "node": "Send Sequence Email",
            "type": "main",
            "index": 0
          }
        ]
      ]
    },
    "Send Sequence Email": {
      "main": [
        [
          {
            "node": "Is Sequence Complete?",
            "type": "main",
            "index": 0
          },
          {
            "node": "Log Email Sent",
            "type": "main",
            "index": 0
          }
        ]
      ]
    },
    "Is Sequence Complete?": {
      "main": [
        [
          {
            "node": "Mark Sequence Complete",
            "type": "main",
            "index": 0
          }
        ],
        [
          {
            "node": "Update to Next Step",
            "type": "main",
            "index": 0
          }
        ]
      ]
    }
  },
  "settings": {
    "executionOrder": "v1"
  },
  "staticData": null,
  "tags": [
    {
      "name": "ezcycleramp",
      "id": "1"
    },
    {
      "name": "email-sequences",
      "id": "3"
    }
  ],
  "triggerCount": 1,
  "pinData": {}
}
